Name,Intelligence,Strength,Speed,Durability,Power,Combat,Full name,Alignment,Gender,Race,Height (cm),Weight (kg),Eye color,Hair color,Occupation
3-D Man,80,35,45,35,25,55,Charles Chandler,good,Male,-,188,90,Brown,Grey,Test pilot  adventurer
Abe Sapien,95,30,35,65,100,85,Abraham Sapien,good,Male,Icthyo Sapien,191,65,Blue,No Hair,Paranormal Investigator
Abin Sur,80,90,55,65,100,65,-,good,Male,Ungaran,185,90,Blue,No Hair,Green Lantern  former history professor
A-Bomb,75,100,20,80,25,65,Richard Milhouse Jones,good,Male,Human,203,441,Yellow,No Hair,Musician  adventurer  author; formerly talk show host
Abomination,85,80,55,90,65,95,Emil Blonsky,bad,Male,Human / Radiation,203,441,Green,No Hair,Ex-Spy
Abraxas,100,100,85,100,100,55,Abraxas,bad,Male,Cosmic Entity,0,0,Blue,Black,Dimensional destroyer
Absorbing Man,75,80,25,100,100,65,Carl Creel,bad,Male,Human,193,122,Blue,No Hair,Professional criminal; former professional boxer
Adam Monroe,85,10,15,100,100,65,-,good,Male,-,0,0,Blue,Blond,former samurai swordsman  former British mercenary commander  former soldier in the Confederate Army
Adam Strange,85,10,35,40,40,50,Adam Strange,good,Male,Human,185,88,Blue,Blond,Adventurer  archaelogist  ambassador
Agent 13,80,40,45,50,45,85,Sharon Carter,good,Female,-,173,61,Blue,Blond,Agent of SHIELD
Agent Bob,60,10,15,5,5,20,Bob,good,Male,Human,178,81,Brown,Brown,Mercenary  janitor; former pirate  terrorist
Agent Zero,90,30,40,80,75,95,Christoph Nord,good,Male,-,191,104,-,-,Mercenary  former government operative  freedom fighter
Air-Walker,80,85,100,85,100,40,Gabriel Lan,bad,Male,-,188,108,Blue,White,Former starship captain  Herald of Galactus
Ajax,80,50,35,80,35,55,Francis,bad,Male,Cyborg,193,90,Brown,Black,-
Alex Mercer,80,80,45,90,100,50,Alexander J. Mercer,bad,Male,Human,0,0,-,-,-
Alex Woolsly,55,35,40,45,35,40,Alex Woolsly,good,Male,-,0,0,-,-,Employee at Sam's Comics
Alfred Pennyworth,85,10,20,10,10,55,Alfred Thaddeus Crane Pennyworth,good,Male,Human,178,72,Blue,Black,Butler; Caretaker  former Actor; Field Medic; Government Agent
Alien,80,30,45,90,60,60,Xenomorph,bad,Male,Xenomorph XX121,244,169,-,No Hair,-
Amazo,85,100,85,100,100,100,-,bad,Male,Android,257,173,Red,-,-
Ammo,35,45,35,35,25,70,-,bad,Male,Human,188,101,Brown,Black,Gang leader   criminal   former soldier
Ando Masahashi,35,25,30,60,65,30,Ando Masahashi,good,Male,-,0,0,-,-,Yamagato Industries computer programmer
Angel,90,30,60,90,100,75,Liam,good,Male,Vampire,0,0,-,-,-
Angel,85,15,50,65,30,45,Warren Kenneth Worthington III,good,Male,-,183,68,Blue,Blond,Adventurer  chairman & principal stockholder of Worthington Industries  former terrorist
Angel Dust,75,55,25,45,20,30,Christina,good,Female,Mutant,165,57,Yellow,Black,-
Angel Salvadore,75,10,30,30,60,60,Angel Salvadore Bohusk,good,Female,-,163,54,Brown,Black,-
Angela,95,100,100,100,100,100,-,bad,Female,-,0,0,-,-,-
Animal Man,80,50,50,85,75,80,Bernhard Baker,good,Male,Human,183,83,Blue,Blond,-
Annihilus,90,80,50,60,60,65,Annihilus,bad,Male,-,180,90,Green,No Hair,Conqueror  scavenger
Anti-Monitor,95,100,50,100,100,90,-,bad,Male,God / Eternal,6100,0,Yellow,No Hair,-
Anti-Spawn,75,60,55,65,70,65,Jason Wynn,bad,Male,-,0,0,-,-,-
Anti-Venom,90,60,65,90,100,85,Edward Charles Allan Brock,-,Male,Symbiote,229,358,Blue,Blond,Vigilante; former journalist for the Daily Globe
Ant-Man,100,20,25,30,35,35,Henry Jonathan Pym,good,Male,Human,211,122,Blue,Blond,Adventurer  Biochemist  former manager of Avengers Compound
Ant-Man II,90,20,20,40,55,30,Scott Lang,good,Male,Human,183,86,Blue,Blond,Electronics Technician 
Apocalypse,100,100,35,100,100,60,En Sabah Nur,bad,Male,Mutant,213,135,Red,Black,Student; formerly Conqueror; Scientist
Aquababy,60,20,15,15,40,15,Arthur Curry  Jr.,good,Male,-,0,0,Blue,Blond,-
Aqualad,85,45,45,75,90,60,Garth,good,Male,Atlantean,178,106,Blue,Black,Adventurer; Magician  former Sidekick
Aquaman,95,85,80,80,100,80,Orin,good,Male,Atlantean,185,146,Blue,Blond,Protector of the Seas and Oceans  King of Poseidonis
Arachne,80,50,50,70,75,70,Julia Carpenter,good,Female,Human,175,63,Blue,Blond,Adventurer  fugitive  former government agent
Archangel,85,15,60,65,35,45,Warren Kenneth Worthington III,good,Male,Mutant,183,68,Blue,Blond,Adventurer  Chairman & principal stockholder of Worthington Industries  Multi-Millionaire  Heir  former terrorist
Arclight,75,65,25,45,55,70,Philippa Sontag,bad,Female,-,173,57,Violet,Purple,Terrorist
Ardina,85,100,100,80,100,25,-,good,Female,Alien,193,98,White,Orange,-
Ares,90,85,35,80,85,105,-,good,Male,-,185,270,Brown,Brown,-
Ares,90,100,75,100,100,100,-,neutral,Male,God / Eternal,208,162,Red,Black,God of Conflict  God of War
Ariel,80,10,15,15,95,30,Ariel,good,Female,-,165,59,Purple,Pink,Leader  refugee alien; former alien mutant-hunter and hedonist
Armor,80,65,15,80,55,55,Hisako Ichiki,good,Female,-,163,50,Black,Black,Adventurer  student
Arsenal,80,55,60,60,65,85,Roy William Harper  Jr.,good,Male,Human,0,0,-,-,-
Atlas,85,100,45,100,30,80,-,bad,Male,God / Eternal,198,126,Blue,Brown,-
Atlas,85,80,25,100,100,50,Erik Stephan Josten,good,Male,Mutant,183,101,Brown,Red,Adventurer; former professional criminal  mercenary  dock worker  soldier
Atom,90,95,75,95,90,85,Albert Pratt,good,Male,-,178,68,Blue,Red,Adventurer  Retired Professor of Nuclear Physics
Atom Girl,75,10,25,30,40,45,Salu Digby,good,Female,-,168,54,Black,Black,-
Atom II,95,10,35,45,40,60,Raymond Palmer,good,Male,Human,183,81,Brown,Auburn,Physics Professor
Atom IV,85,55,55,55,60,65,Ryan Choi,good,Male,-,0,72,Brown,Black,Professor of nuclear physics at Ivy University
Aurora,85,10,100,60,75,60,Jeanne-Marie Beaubier,good,Female,Mutant,180,63,Blue,Black,Adventurer; former terrorist  nun  history/geography teacher
Azazel,80,15,50,95,100,80,-,bad,Male,Neyaphem,183,67,Yellow,Black,Leader of the Neyaphem
Azrael,85,20,20,20,35,80,Michael Washington Lane,good,Male,Human,0,0,Brown,Black,Former Police Officer  vigilante
Aztar,95,95,95,95,95,90,Aztar,good,Male,-,0,0,-,-,-
Bananaman,60,50,35,80,30,30,-,good,Male,Human,0,0,-,-,-
Bane,95,40,25,60,55,95,-,bad,Male,Human,203,180,-,-,-
Banshee,80,10,60,40,65,70,Sean Cassidy,good,Male,Human,183,77,Green,Strawberry Blond,Currently founder and director of operation for X-Corps  formerly Adventurer and Headmaster at the Massachusetts Academy  in charge of Generation X  Interpol Inspector and Agent  freelance detective  professional criminal  involuntary operative for Factor
Bantam,65,55,25,55,25,60,Roberto Velasquez,good,Male,-,165,54,Brown,Black,Adventurer  boxing trainer  former boxer
Batgirl,95,15,35,40,35,90,Barbara Gordon,good,Female,Human,170,57,Green,Red,-
Batgirl,70,45,50,40,45,70,Mary Elizabeth Kane,good,Female,-,0,0,-,-,Crime-fighter
Batgirl III,80,65,70,70,65,90,Helena Rosa Bertinelli,good,Female,-,0,0,-,-,-
Batgirl IV,85,15,30,60,50,100,Cassandra Cain,good,Female,Human,165,52,Green,Black,-
Batgirl VI,90,10,25,30,25,80,Stephanie Brown,good,Female,-,168,61,Blue,Blond,College student at Gotham University
Batman,95,40,30,55,65,90,Terrence McGinnis,good,Male,Human,178,77,Blue,Black,-
Batman,100,20,30,50,50,100,Bruce Wayne,good,Male,Human,188,95,blue,black,Businessman
Batman II,95,15,35,30,40,100,Richard John Grayson,good,Male,Human,178,79,Blue,Black,-
Battlestar,80,55,35,75,50,75,Lemar Hoskins,good,Male,-,198,133,Brown,Black,Former wrestler  federal operative
Batwoman V,95,10,30,25,30,80,Katherine Rebecca Kane,good,Female,Human,178,0,Green,Red,-
Beast,100,50,40,60,45,85,Henry Philip McCoy,good,Male,Mutant,180,181,Blue,Blue,Biochemist  formerly Xavier Institute for Higher Learning science and math Instructor  mutant activist  college lecturer  researcher  professional wrestler
Beast Boy,80,30,50,70,80,40,Garfield Mark Logan,good,Male,Human,173,68,Green,Green,Adventurer  Struggling Actor
Beetle,70,60,65,65,75,65,-,bad,Male,-,0,0,-,-,-
Ben 10,90,100,100,100,100,75,Benjamin Kirby Tennyson,good,Male,-,0,0,-,-,-
Beta Ray Bill,85,80,35,95,100,85,Beta Ray Bill (translation of his Korbinite name),good,Male,-,201,216,-,No Hair,Guardian of the Korbinite race
Beyonder,100,100,100,100,100,85,-,good,Male,God / Eternal,0,0,-,-,Former student
Bi-Beast,95,100,60,75,30,55,-,good,Male,Android,229,158,Black,None,-
Big Barda,95,100,80,100,100,100,Barda Free,bad,Female,New God,188,135,Blue,Black,-
Big Daddy,75,10,15,35,25,65,Damon Macready,good,Male,-,0,0,-,-,-
Big Man,90,15,25,30,20,70,Frederick Foswell,bad,Male,-,165,71,Blue,Brown,Reporter  professional criminal
Bill Harken,85,40,35,60,30,40,-,good,Male,Alpha,0,0,-,-,-
Binary,95,100,100,100,100,100,Carol Susan Jane Danvers,good,Female,-,180,54,Blue,Blond,Former National Aeronautics and Space Administration security Chief  former magazine editor  former freelance writer  former military intelligence officer.
Bionic Woman,80,40,35,40,20,40,Jamie Wells Sommers,good,Female,Cyborg,0,0,Blue,Black,-
Bird-Brain,65,10,35,30,25,45,-,good,-,-,0,0,-,-,-
Birdman,90,55,70,70,70,70,Ray Randal,good,Male,God / Eternal,0,0,-,-,-
Bishop,85,15,25,75,100,65,Lucas Bishop,good,Male,Mutant,198,124,Brown,No Hair,(current) Adventurer  (former) Commander in the XSE (Xavier's Security Enforcers)
Bizarro,75,95,100,100,100,85,Bizarro,neutral,Male,Bizarro,191,155,Black,Black,-
Black Adam,95,100,95,100,100,60,Teth-Adam,bad,Male,-,191,113,Brown,Black,-
Black Bolt,90,70,100,85,100,60,Blackagar Boltagon,good,Male,Inhuman,188,95,Blue,Black,King of the Inhumans
Black Canary,85,10,35,20,55,80,Dinah Laurel Lance,good,Female,Metahuman,170,59,Blue,Blond,Detective/Crime-fighter  Chairperson of the Justice League of America; former florist  judo instructor
Black Canary,85,10,35,15,45,80,Dinah Drake Lance,good,Female,Human,165,58,Blue,Blond,Florist  former private investigator
Black Cat,90,20,35,10,25,70,Felicia Hardy,good,Female,Human,178,54,Green,Blond,Cat burglar; Private investigator  founder of Cat's Eye Investigations.
Black Flash,75,10,100,80,100,30,-,neutral,Male,God / Eternal,0,0,-,-,-
Black Knight III,85,10,10,70,45,70,Dane Whitman,good,Male,Human,183,86,Brown,Brown,Adventurer  scientist; former crusader
Black Lightning,80,15,55,30,70,75,Jefferson Pierce,good,Male,-,185,90,Brown,No Hair,Crime Fighter  High School teacher  Former gold-medal-winning Olympic Decathlete  formerly Secretary of Education under Presidents Pete Ross and Lex Luthor.
Black Mamba,90,10,35,45,90,65,Tanya Sealy,bad,Female,-,170,52,Green,Black,Mercenary  professional criminal  former call girl
Black Manta,90,30,50,60,80,85,-,bad,Male,Human,188,92,Black,No Hair,-
Black Panther,95,20,30,60,45,100,T'Challa,good,Male,Human,183,90,Brown,Black,King and Chieftain of Wakanda  scientist; former school teacher
Black Widow,90,15,35,30,40,100,Natalia Alianovna Romanova,good,Female,Human,170,59,Green,Auburn,Adventurer  Intelligence agent  former ballerina
Black Widow II,90,60,80,75,70,95,Yelena Belova,good,Female,-,170,61,Blue,Blond,-
Blackout,85,35,45,80,45,65,-,bad,Male,Demon,191,104,Red,White,Assassin  enforcer
Blackwing,75,10,35,35,20,60,Joseph Manfredi,bad,Male,-,185,86,Blue,Black,-
Blackwulf,80,30,10,30,70,25,Lucian,-,Male,Alien,188,88,Red,White,Freedom Fighter
Blade,85,30,40,50,40,90,Eric Brooks,good,Male,Vampire,188,97,Brown,Black,Vampire hunter  former private investigator.
Bling!,85,15,15,90,55,30,Roxanne Washington,good,Female,-,168,68,-,-,-
Blink,80,10,20,30,80,65,Clarice Ferguson,good,Female,Mutant,165,56,Green,Magenta,Adventurer  freedom fighter
Blizzard,75,75,60,70,85,65,-,bad,Male,-,0,0,-,-,-
Blizzard II,75,10,30,45,50,60,Donald Gill,bad,Male,-,175,77,Brown,Brown,Adventurer; former mercenary and professional criminal
Blob,60,85,25,95,30,75,Frederick J. Dukes,bad,Male,-,178,230,Brown,Brown,Former criminal  terrorist  government agent  carnival performer
Bloodaxe,85,80,35,80,100,85,Jackie Lukus,bad,Female,Human,218,495,Blue,Brown,Architect  former vigilante
Bloodhawk,80,10,50,80,80,65,Lemuel Krug,good,Male,Mutant,0,0,Black,No Hair,-
Bloodwraith,65,75,65,70,70,90,Sean Dolan,bad,Male,-,3050,0,White,No Hair,Former squire
Blue Beetle,85,80,80,85,90,85,Daniel Garrett,good,Male,-,0,0,Blue,Brown,Archaeologist; professor of archaeology
Blue Beetle II,85,45,55,65,60,80,Theodore Kord,good,Male,-,183,86,Blue,Brown,Inventor  President of Kord Omniversal  Crimefighter
Blue Beetle III,80,35,60,80,100,30,Jaime Reyes,good,Male,Human,0,0,Brown,Black,Student
Boba Fett,85,10,40,40,70,70,-,bad,Male,Human / Clone,183,0,Brown,Black,Bounty Hunter
Bomb Queen,90,90,80,95,100,90,-,bad,Female,-,0,0,-,-,-
Boom-Boom,75,10,15,45,60,65,Tabitha Smith,good,Female,Mutant,165,55,Blue,Blond,Adventurer  former student  thief
Booster Gold,85,85,45,70,100,40,Michael Jon Carter,good,Male,Human,196,97,Blue,Blond,Superhero  Founder  C.E.O & Chairman of Booster Gold International
Box IV,80,75,25,30,15,60,Madison Jeffries,good,-,-,0,0,Brown,Brown / Black,Inventor  former soldier
Brainiac,100,95,65,90,60,75,Vril Dox,bad,Male,Android,198,135,Green,No Hair,-
Brainiac 5,100,10,25,30,60,35,Querl Dox,good,Male,-,170,61,Green,Blond,-
Brother Voodoo,90,60,50,70,95,60,Jericho Drumm,good,Male,Human,183,99,Brown,Brown / White,Psychologist Houngan (voodoo priest)
Brundlefly,85,35,25,40,35,15,Sethaniel Brundle,neutral,Male,Mutant,193,0,-,-,Scientist
Buffy,85,30,45,70,50,60,Buffy Anne Summers,good,Female,Human,157,52,Green,Blond,Slayer ; (formerly) Waitress ; DoubleMeat Palace employee ; Sunnydale High Counselor
Bullseye,80,15,25,70,20,70,Lester,bad,Male,Human,183,90,blue,blond,Assassin  professional criminal  former mercenary
Bumblebee,85,30,25,10,50,35,Karen Beecher-Duncan,good,Female,Human,170,59,Brown,Black,-
Bushido,75,10,10,10,20,70,Ryuko Orsono,good,Male,Human,0,0,-,-,-
Cable,95,50,25,60,100,80,Nathan Christopher Charles Summers Dayspring,good,Male,Mutant,203,158,Blue,White,(current) Adventurer  (former) freedom fighter  United States government agent  mercenary  combat instructor for X-Force
Callisto,85,55,25,45,55,85,Callisto,bad,Female,-,175,74,Blue,Black,-
Cameron Hicks,80,10,25,30,55,70,-,good,Male,Alpha,0,0,-,-,-
Cannonball,80,30,70,100,95,60,Samuel Zachery Guthrie,good,Male,-,183,81,Blue,Blond,Adventurer  peacekeeper  former student  mercenary  miner
Captain America,85,20,40,55,60,100,Steven Grant Rogers,good,Male,Human,188,108,blue,blond,Adventurer  federal official  intelligence operative; former soldier  Hydra agent  liaison between S.H.I.E.L.D. and the Avengers  police officer  teacher  sparring partner.
Captain Atom,95,95,85,90,100,80,Nathaniel Christopher Adam,good,Male,Human / Radiation,193,90,Blue,Silver,Former Soldier
Captain Britain,90,80,50,60,35,80,Brian Braddock,good,Male,Human,198,116,Blue,Blond,Adventurer  formerly King of Otherworld  scientist
Captain Cold,80,10,20,20,30,20,Leonard Snart,neutral,Male,Human,0,0,Brown,Brown,Professional Criminal
Captain Epic,85,85,75,85,80,85,-,good,Male,-,188,0,Blue,Brown,Superhero
Captain Hindsight,65,10,85,30,10,20,Jack Brolin,good,Male,Human,0,0,-,Black,Former Superhero; News Reporter
Captain Marvel,95,90,75,95,100,90,Carol Susan Jane Danvers,good,Female,Human-Kree,180,74,Blue,Blond,Former National Aeronautics and Space Administration security Chief  former magazine editor  former freelance writer  former military intelligence officer.
Captain Marvel II,90,85,30,90,35,60,Frederick Christopher Freeman,good,Male,Human,175,74,Blue,Black,Adventurer
Captain Mar-vell,85,85,85,85,95,85,Mar-Vell,good,Male,-,188,108,Blue,Blond,"Captain in the Kree space fleet  later adventurer  later ""Protector of the Universe"""
Captain Planet,80,90,75,80,100,60,-,good,Male,God / Eternal,0,0,Red,Green,-
Captain Universe,95,95,95,95,100,85,-,good,-,God / Eternal,0,0,-,-,-
Carnage,85,65,70,85,90,90,Cletus Kasady,bad,Male,Symbiote,185,86,Green,Red,-
Cat,90,85,80,90,85,80,Shirlee Bryant,good,Female,-,173,61,Blue,Blond,Model
Catwoman,85,15,35,30,30,85,Selina Kyle,good,Female,Human,175,61,Green,Black,Thief
Century,95,80,55,65,100,100,-,good,Male,Alien,201,97,White,White,Tracker  adventurer
Cerebra,85,70,70,80,80,90,Shakti Haddad,good,Female,Mutant,0,0,-,-,-
Chamber,80,10,20,80,60,65,Jonothon Evan Starsmore,good,Male,Mutant,175,63,Brown,Brown,Adventurer
Chameleon,95,10,20,30,50,30,Dmitri Anatoly Nikolayevich Smerdyakov,bad,Male,Human,0,0,-,-,-
Changeling,85,10,25,45,65,65,Kevin Sidney,bad,Male,-,180,81,Brown,Black,Former substitute teacher  adventurer  subversive
Cheetah,75,10,45,20,35,70,Priscilla Rich,bad,Female,Human,163,50,Green,Blond,-
Cheetah II,75,20,45,20,40,60,Deborah Domaine,bad,Female,Human,170,55,Green,Brown,-
Cheetah III,95,100,90,80,80,95,Barbara Ann Minerva,bad,Female,Human,175,54,Brown,Brown,Archaeologist  Anthropologist
Chewbacca,80,40,25,50,40,65,-,good,Male,Wookiee,226,111,Blue,Brown,-
Citizen Steel,80,95,35,100,25,60,Nathaniel Heywood,good,Male,Human,183,170,Green,Red,Adventurer  former Professional Football Player
Claire Bennet,75,10,15,100,90,30,Claire Bennet,good,Female,-,0,0,Blue,Blond,High school student  cheerleader
Clea,70,40,45,40,75,35,Clea,good,-,-,0,0,-,White,Former ruler and Sorceress Supreme of the Dark Dimension; former apprentice of Doctor Strange
Cloak,85,10,50,65,100,60,Tyrone Johnson,good,Male,-,226,70,brown,black,Vigilante
Clock King,90,10,20,10,10,40,William Tockman,bad,Male,Human,178,78,Blue,Black,-
Cogliostro,70,65,60,80,80,60,Cain,bad,Male,-,0,0,-,-,-
Colossus,85,85,35,100,45,80,Piotr Nikolaievitch Rasputin,good,Male,Mutant,226,225,Silver,Black,(current) Adventurer  student  (former) Artist
Copycat,80,10,25,25,55,60,Vanessa Carlysle,neutral,Female,Mutant,183,67,Red,White,-
Corsair,70,35,45,35,45,75,Christopher Summers,good,Male,-,191,79,Brown,Brown,Pirate  former pilot
Cottonmouth,80,10,10,10,30,25,Burchell Clemens,bad,Male,Human,183,99,Brown,Black,Professional criminal
Crimson Crusader,60,60,40,65,85,65,Rory Destine,good,Male,-,0,0,Blue,Strawberry Blond,-
Crimson Dynamo,85,70,60,75,80,65,Anton Vanko,good,Male,-,180,104,Brown,No Hair,Scientist
Crystal,85,20,15,15,65,60,Crystallia Amaquelin Maximoff,good,Female,Inhuman,168,50,Green,Red,Mother  adventuress
Cyborg,90,55,45,85,75,65,Victor Stone,good,Male,Cyborg,198,173,Brown,Black,Adventurer  Teen Titan
Cyborg Superman,90,95,95,100,100,80,Henry Henshaw,bad,Male,Cyborg,0,0,Blue,Black,-
Cyclops,90,10,25,45,80,80,Scott Summers,good,Male,Mutant,191,88,Brown,Brown,Leader of mutant race  adventurer  headmaster  former student  radio announcer
Cy-Gor,60,100,75,90,85,70,-,bad,Male,-,0,0,-,-,-
Cypher,75,35,40,35,50,35,Douglas Aaron Ramsey,good,-,-,175,68,Blue,Blond,Student  Adventurer
Dagger,85,10,35,45,55,70,Tandy Bowen,good,Female,-,165,52,Blue,Blond,Vigilante
Daphne Powell,75,10,10,10,60,10,Daphne Powell,good,Female,-,0,0,-,-,Student
Daredevil,90,15,35,35,65,100,Matthew Michael Murdock,good,Male,Human,183,90,Blue,Red,Adventurer  vigilante  Attorney at Law
Darkhawk,80,35,35,70,75,65,Christopher Powell,good,Male,Human,185,81,Brown,Brown,Retired Superhero
Darkman,95,15,25,60,20,30,Peyton Westlake,good,Male,Human,0,0,-,-,Scientist
Darkseid,95,100,85,100,100,95,Uxas,bad,Male,New God,267,817,Red,No Hair,Dictator of Apokolips
Darkstar,75,10,35,45,80,65,Laynia Petrovna,good,Female,Mutant,168,56,Brown,Blond,Occupation unknown
Darth Maul,80,50,50,30,100,100,-,bad,Male,Dathomirian Zabrak,170,0,Yellow / Red,-,-
Darth Vader,85,50,35,35,100,100,Anakin Skywalker,bad,Male,Cyborg,198,135,Yellow,No Hair,Sith Lord  Supreme Commander of the Imperial Fleet
Dash,65,15,95,60,20,30,Dashiell Robert Parr,good,Male,Human,122,27,Blue,Blond,-
Data,100,35,25,40,60,50,-,good,Male,Android,0,0,Yellow,Brown,Lieutenant commander
Dazzler,85,10,35,60,100,55,Alison Blaire,good,Female,Mutant,173,52,Blue,Blond,Adventurer  singer  former actress  model  revolutionary
Deadman,80,10,35,100,100,45,Boston Brand,good,Male,Human,183,90,Blue,Black,Wandering Spirit  Former Circus Aerialist
Deadpool,85,35,50,100,100,100,Wade Winston Wilson,neutral,Male,Mutant,188,95,Brown,No Hair,Mercenary; former enforcer  government operative  sumo wrestler  soldier  assassin  anti-hero  others
Deadshot,80,10,25,30,55,80,Floyd Lawton,bad,Male,Human,185,91,Brown,Brown,-
Deathlok,85,35,30,70,40,60,Luther Manning,good,Male,Cyborg,193,178,Brown,Grey,-
Deathstroke,90,30,35,100,50,90,Slade Joseph Wilson,neutral,Male,Human,193,101,Blue,White,Mercenary; Former Soldier  Big-Game Hunter
Demogoblin,80,50,45,35,70,60,-,bad,Male,Demon,185,95,Red,No Hair,Demonic Redeemer
Destroyer,80,95,60,100,85,70,-,bad,Male,-,188,383,-,-,-
Diamondback,75,20,25,30,45,60,Willis Stryker,bad,Male,Human,193,90,Brown,Black,Criminal
DL Hawkins,80,15,15,60,50,60,Daniel Lawrence Hawkins,good,Male,-,0,0,-,-,Construction worker  Firefighter
Doc Samson,90,80,35,80,40,70,Leonard Samson,good,Male,Human / Radiation,198,171,Blue,Green,Psychiatrist  teacher  adventurer  former special consultant to Gamma Base
Doctor Doom,100,35,20,100,100,85,Victor von Doom,bad,Male,Human,201,187,Brown,Brown,Monarch
Doctor Doom II,95,75,55,75,80,70,Kristoff Vernard,bad,Male,-,201,132,Brown,Brown,-
Doctor Fate,95,20,25,80,100,50,Kent Nelson,good,Male,Human,188,89,Blue,Blond,-
Doctor Octopus,100,50,35,40,55,65,Otto Octavius,bad,Male,Human,175,110,Brown,Brown,Former atomic-research consultant  criminal mastermind
Doctor Strange,100,10,15,85,100,60,Stephen Vincent Strange,good,Male,Human,188,81,Grey,Black,Sorcerer Supreme  retired neurosurgeon
Domino,85,10,30,30,50,75,Neena Thurman,good,Female,Human,173,54,Blue,Black,-
Donatello,95,15,50,60,60,75,-,good,Male,Mutant,0,0,Green,No Hair,-
Donna Troy,90,90,85,90,85,95,Donna Hinckley Stacey Troy,good,Female,Amazon,175,63,Blue,Black,-
Doomsday,90,100,70,100,100,90,Doomsday,bad,Male,Alien,244,412,Red,White,Destroyer
Doppelganger,50,65,60,95,70,85,-,bad,Male,-,196,104,White,No Hair,-
Dormammu,95,95,85,100,100,80,Dormammu,bad,Male,-,185,0,Yellow,No Hair,Despot  conqueror
Dr Manhattan,100,100,45,100,100,45,Jonathan Osterman,good,Male,Human / Cosmic,0,0,White,No Hair,Scientist
Drax the Destroyer,80,80,25,85,50,65,Arthur Sampson Douglas,good,Male,Human / Altered,193,306,Red,No Hair,-
Ego,95,80,85,100,75,30,Ego,bad,-,-,0,0,-,-,Inapplicable
Elastigirl,85,35,35,95,55,70,Helen Parr,good,Female,Human,168,56,Brown,Brown,-
Electro,85,10,50,60,70,65,Maxwell Dillon,bad,Male,Human,180,74,Blue,Auburn,Professional criminal
Elektra,85,15,30,30,60,100,Elektra Natchios,good,Female,Human,175,59,Blue,Black,Assassin  adventurer  mercenary  former student  dancer
Elle Bishop,80,10,15,45,65,45,-,bad,Female,-,0,0,Blue,Blond,Agent of the Company
Elongated Man,90,10,35,90,45,40,Ralph Dibny,good,Male,-,185,80,Blue,Red,Detective
Emma Frost,90,65,35,90,100,45,Emma Frost,good,Female,-,178,65,Blue,Blond,-
Enchantress,85,15,25,60,100,40,-,good,Female,Human,168,57,Blue,Blond,Artist; Magician
Energy,80,80,85,80,85,75,-,good,Female,-,0,0,-,-,-
Etrigan,80,85,20,100,100,50,Jason Blood,neutral,Male,Demon,193,203,Red,No Hair,-
Evil Deadpool,85,35,50,100,100,100,-,bad,Male,Mutant,188,95,White,Red,Mercenary  Assasin
Evilhawk,80,35,35,70,85,65,Dargin Bokk,bad,Male,Alien,191,106,Red,Black,Crimelord
Exodus,85,85,30,30,100,70,Bennet du Paris,bad,Male,Mutant,183,88,Blue,Black,Terrorist  would-be conqueror  Former leader of the Acolytes  Crusader
Falcon,75,15,50,30,25,65,Samuel Thomas Wilson,good,Male,Human,188,108,Brown,Black,Crimefighter  (former) freelance artist
Fallen One II,95,85,85,100,100,60,-,bad,Male,-,0,0,Black,Blue,-
Faora,95,95,75,100,100,90,Faora Hu-Ul,bad,Female,Kryptonian,0,0,-,-,Serial killer
Feral,75,30,45,30,30,70,Maria Callasantos,good,-,-,175,50,Yellow (without irises),Orange / White,Formerly Adventurer  Terrorist
Fin Fang Foom,80,85,25,100,75,70,-,good,Male,Kakarantharaian,975,18000,Red,No Hair,-
Firebird,75,10,40,15,100,45,Bonita Juarez,good,Female,-,165,56,Brown,Black,Social worker  adventurer
Firelord,75,65,75,90,55,30,Pyreus Kril,good,-,-,193,99,White,Yellow,Former starship captain  former herald of Galactus
Firestar,80,10,55,55,75,35,Angelica Jones,good,Female,Mutant,173,56,Green,Red,Student
Firestorm,75,80,60,80,100,40,Ronald Raymond,good,Male,Human,188,91,Blue,Auburn,Adventurer; former employee of Bun 'n Run
Firestorm,80,55,60,60,100,45,Jason Rusch,good,Male,-,0,0,Brown,Black,University student; former food server at Bryson's Family Treat; former mascot at Ho-Ho Charlie's Chicken Shack; former intern at S.T.A.R. Labs
Fixer,90,70,70,75,70,65,Paul Norbert Ebersol,bad,-,-,0,0,Red,No Hair,Criminal inventor
Flash,85,10,100,50,70,35,Jason Peter Garrick,good,Male,Human,180,81,Blue,Brown / White,Research Scientist  part-time Director of Garrick Laboratories
Flash II,95,50,100,60,100,60,Bartholomew Henry Allen,good,Male,Human,183,88,Blue,Blond,Forensic Scientist
Flash III,85,10,100,60,100,35,Wallace Rudolph West,good,Male,Human,183,86,-,-,Adventurer  Mechanic for the KCPD
Flash IV,85,10,100,35,100,50,Bartholomew Allen II,good,Male,Human,157,52,Yellow,Auburn,Police trainee
Forge,85,10,15,30,25,50,-,good,-,-,183,81,Brown,Black,Inventor working for the U.S. government  former soldier
Franklin Richards,85,80,50,60,100,50,Franklin Benjamin Richards,good,Male,Mutant,142,45,Blue,Blond,Student
Franklin Storm,75,10,5,5,0,10,Dr. Franklin Storm,good,-,-,188,92,Blue,Grey,Surgeon
Frenzy,85,55,35,100,40,55,Joanna Cargill,bad,Female,-,211,104,Brown,Black,Mercenary
Frigga,75,80,50,85,85,65,Frigga,good,Female,-,180,167,Blue,White,Queen of Asgard  goddess of marriage
Galactus,100,100,85,100,100,50,Galan,neutral,Male,Cosmic Entity,876,16000,Black,Black,Planet Devourer  Third Force of the Universe - balance between Eternity and Death  Nullifying Abraxas' Influence on the Multiverse  Third Face of the Living Tribunal - representing Equity
Gambit,85,10,25,30,55,85,Remy Etienne LeBeau,good,Male,Mutant,185,81,Red,Brown,Jean Grey School for Higher Learning  Salem Center  Westchester County  New York; formerly Utopia  San Francisco Bay  California; Xavier Institute  Salem Center  Westchester County  New York; New Orleans; Paris; Cairo; Illinois
Gamora,90,85,45,85,55,100,Gamora Zen Whoberi Ben Titan,good,Female,Zen-Whoberian,183,77,Yellow,Black,Assassin  mercenary  adventurer
Garbage Man,80,90,65,90,90,85,Richard Ethan Morse,good,Male,Mutant,0,0,-,-,-
Gary Bell,85,5,10,10,55,10,Gary Bell,good,Male,Alpha,0,0,-,-,-
General Zod,100,100,100,100,100,95,Dru-Zod,bad,Male,Kryptonian,0,0,Black,Black,-
Genesis,80,75,75,70,80,65,Tyler Dayspring,good,Male,-,185,86,Blue,Blond,Former would-be world conqueror  arms dealer  soldier  freedom fighter
Ghost Rider,80,55,25,100,100,60,Jonathan Blaze,good,Male,Demon,188,99,Red,No Hair,Former stunt motorcyclist
Ghost Rider II,70,85,95,85,85,90,Daniel Ketch,good,-,-,0,0,-,-,-
Giant-Man,95,85,40,65,55,45,Henry Jonathan Pym,good,Male,Human,0,0,-,-,-
Giganta,95,90,25,85,35,45,Doris Zuel,bad,Female,-,6250,630,Green,Red,Criminal  former Scientist  Professor at Ivy University
Gladiator,80,100,100,100,80,70,Kallark,neutral,Male,Strontian,198,268,Blue,Blue,Majestor of the Shi'ar Empire; Former Praetor of the Imperial Guard; possibly former Herald of Galactus
Goblin Queen,90,10,25,30,65,60,Madelyne Jennifer Pryor,bad,Female,-,168,50,Green,Red,-
Godzilla,75,100,55,100,100,20,-,bad,-,Kaiju,10800,90000000,-,-,-
Gog,80,35,50,75,40,60,-,bad,Male,-,0,0,-,-,-
Goku,80,100,75,90,100,100,Kakarot,good,Male,Saiyan,175,62,-,-,-
Gorilla Grodd,95,55,35,70,100,65,Grodd,bad,Male,Gorilla,198,270,Yellow,Black,-
Granny Goodness,100,100,90,100,95,100,-,bad,Female,-,178,115,Blue,White,-
Gravity,80,35,35,40,70,30,Greg Willis,good,Male,Human,178,79,Blue,Brown,Student
Greedo,75,10,15,15,35,40,-,bad,Male,Rodian,170,0,Purple,-,Bounty Hunter
Green Arrow,95,15,35,30,40,90,Oliver Jonas Queen,good,Male,Human,188,88,Green,Blond,Professional Crime-fighter; Multi-Billionaire
Green Goblin,100,50,40,60,50,50,Norman Virgil Osborn,bad,Male,Human,180,83,Blue,Auburn,Professional criminal  owner and president of Osborn Industries
Green Goblin II,90,55,40,50,45,30,Harold Osborn,bad,Male,-,178,77,Blue,Auburn,-
Green Goblin IV,90,90,85,80,65,75,Phillip Benjamin Urich,good,Male,-,178,79,Green,Brown,College student  former vigilante  intern at Daily Bugle
Green Lantern,80,90,50,50,100,55,Jessica Viviana Cruz,good,Female,Human,0,0,Green,Brown,-
Green Lantern,85,80,25,90,100,35,Alan Ladd Wellington Scott,good,Male,-,180,90,Blue,Blond,-
Green Lantern,80,90,45,55,100,60,-,good,Male,Human,0,0,Bown,Black,-
Green Lantern,85,90,75,80,100,70,Harold Jordan,good,Male,Human,188,90,Brown,Brown,Adventurer  Air Force Test Pilot
Green Lantern,80,85,45,65,100,65,John Stewart,good,Male,Human,185,90,Green,Black,Architect
Green Lantern,75,90,55,65,100,65,Guy Darrin Gardner,good,Male,Human-Vuldarian,188,95,Blue,Red,Former High School gym teacher; former bar owner; currently Honor guard of the Green Lantern Corps
Green Lantern,85,90,50,60,100,60,-,good,Male,Human,180,79,Green,Black,Green Lantern  Adventurer  Artist
Groot,90,85,35,70,100,65,Groot,good,Male,Flora Colossus,701,4000,Yellow,-,-
Guardian,90,65,65,75,80,75,Dr. James McDonald Hudson,good,Male,Human,0,0,Brown,Black,Engineer  government agent  adventurer
Han Solo,80,10,20,20,45,60,Han Solo,good,Male,Human,183,79,Brown,Brown,-
Hancock,85,90,70,100,100,50,John Hancock,good,Male,Human,188,0,Brown,Black,-
Harley Quinn,95,15,35,65,55,80,Harleen Francis Quinzel,bad,Female,Human,170,63,Blue,Blond,Psychiatrist
Harry Potter,90,10,25,10,100,50,-,good,Male,Human,0,0,Green,Black,Head of the Department of Magical Law Enforcement[
Havok,85,10,25,60,75,45,Alexander Summers,good,Male,Mutant,183,79,Blue,Blond,Currently Adventurer  formerly Graduate student in geophysics
Hawk,75,40,35,95,45,45,Henry Hall,good,Male,-,185,89,Red,Brown,-
Hawkeye,80,15,25,10,30,80,Clinton Francis Barton,good,Male,Human,191,104,Blue,Blond,Adventurer
Hawkeye II,80,10,10,10,25,50,Katherine Elizabeth Bishop,good,Female,Human,165,57,Blue,Black,Student; Adventurer; Fugitive
Hawkgirl,80,30,55,100,100,75,Kendra Saunders,good,Female,-,175,61,Green,Red,Adventurer  Film School Student  Temp Curator of the Stonechat Museum
Hawkman,90,40,60,75,85,80,Carter Hall,good,Male,Alien,185,88,Blue,Brown,Adventurer
Hawkwoman,90,85,85,90,85,90,Shayera Hol,good,Female,-,175,54,Green,Red,-
Hawkwoman II,75,85,90,75,80,85,Sharon Parker,good,Female,-,0,0,-,-,-
Hawkwoman III,75,80,85,85,80,90,Shayera Thal,good,Female,-,170,65,Blue,Red,Police Officer
Heat Wave,75,10,20,45,30,30,Mick Rory,bad,Male,Human,180,81,Blue,No Hair,Professional Criminal
Hela,85,100,50,100,100,45,-,bad,Female,Asgardian,213,225,Green,Black,Asgardian Goddess of Death  former Ruler of Hel and Niffleheim
Hellboy,85,55,25,95,75,75,Anung Un Rama,good,Male,Demon,259,158,Gold,Black,-
Hellcat,85,15,35,45,50,70,Patricia Walker,good,Female,Human,173,61,Blue,Red,Housemaker  model  adventurer  supernatural investigator
Hellstorm,80,65,60,75,90,65,Daimon Hellstrom,good,Male,-,185,81,Red,Red,Ruler of Hell  former Demonologist  occult investigator  exorcist and priest
He-Man,90,100,75,90,75,85,-,good,Male,Human,0,0,-,-,-
Hercules,85,100,50,85,90,100,Heracles,good,Male,Demi-God,196,146,Blue,Brown,Adventurer  Olympian God of Strength and Labor  later Olympian God of Heroes
Hiro Nakamura,75,15,95,20,100,35,Hiro Nakamura,good,Male,-,0,0,-,-,Office worker
Hit-Girl,80,10,30,20,30,65,Mindy McCready,good,Female,Human,0,0,-,-,-
Hobgoblin,65,60,60,60,65,60,Roderick Kingsley,bad,Male,-,180,83,Blue,Grey,Fashion designer
Hollow,85,80,80,80,80,80,Monet St. Croix,good,Female,-,170,0,Blue,Red,-
Hope Summers,85,10,15,35,95,75,Hope Summers,good,Female,-,168,48,Green,Red,-
Howard the Duck,75,55,55,70,60,75,Howard (Last name unrevealed),good,Male,-,79,18,Brown,Yellow,Many and various  including former candidate for the United States presidency but usually unemployed
Hulk,95,100,65,100,100,85,Robert Bruce Banner,good,Male,Human / Radiation,244,630,Green,Green,Nuclear physicist  Agent of S.H.I.E.L.D.
Human Torch,85,15,65,70,90,45,Jonathan Lowell Spencer Storm,good,Male,Human / Radiation,178,77,Blue,Blond,Adventurer
Huntress,85,10,25,30,35,95,Helena Rosa Bertinelli,good,Female,-,180,59,Blue,Black,Vigilante; High school English teacher
Husk,85,65,35,80,50,65,Paige Elisabeth Guthrie,good,Female,Mutant,170,58,Blue,Blond,Adventurer; formerly student  activist
Hybrid,85,65,60,75,100,80,-,good,Male,Symbiote,175,77,Brown,Black,-
Hydro-Man,75,15,25,80,70,50,Morris Bench,bad,Male,-,188,119,Brown,Brown,Professional Criminal; former crewman of cargo ship
Hyperion,95,100,100,95,90,80,-,good,Male,Eternal,183,207,Blue,Red,Adventurer; (Formerly) Cartoonist  government agent
Iceman,85,35,55,100,100,65,Robert Louis Drake,good,Male,Mutant,173,65,Brown,Brown,Adventurer  formerly teacher  accountant  student
Impulse,80,10,100,60,75,60,Bartholomew Allen II,good,Male,Human,170,65,Yellow,Auburn,Adventurer  Student
Indiana Jones,85,10,20,30,20,30,Henry Walton Jones Jr.,good,Male,Human,183,79,-,-,Archaeologist
Indigo,90,65,50,50,100,50,-,neutral,Female,Alien,0,0,-,Purple,Leader of the Indigo Tribe
Ink,75,30,20,40,75,50,Eric Gitter,good,Male,Mutant,180,81,Blue,No Hair,-
Invisible Woman,95,10,30,85,95,60,Susan Storm Richards,good,Female,Human / Radiation,168,54,blue,Blond,Member of the Fantastic Four  financial manager for Fantastic Four Inc  occasional model and actress
Iron Fist,90,55,35,50,95,100,Daniel Thomas Rand-K'ai,good,Male,Human,180,79,Blue,Blond,Adventurer; formerly co-owner of Rand-Meachum  Inc.  bodyguard  private investigator  research assistant  warrior
Iron Man,100,85,60,85,100,65,Anthony Edward Stark,good,Male,Human,198,191,Blue,Black,Inventor  Industrialist; former United States Secretary of Defense
Iron Monger,95,65,25,90,60,60,Obadiah Stane,bad,Male,-,0,2000,Blue,No Hair,CEO Stane International
Isis,90,50,75,50,50,60,Adrianna Tomaz,good,Female,-,0,0,-,-,Adventurer  formerly First Lady of Kahndaq  former slave
Jack of Hearts,85,55,100,30,80,30,Jonathan Hart,good,Male,Human,155,79,Blue / White,Brown,Adventurer
Jack-Jack,35,35,70,80,100,10,Jac-jack Parr,good,Male,Human,71,14,Blue,Brown,-
James Bond (Craig),95,15,20,35,25,90,James Bond,good,Male,Human,183,0,blue,Blond,00 Agent
James T. Kirk,85,15,20,30,30,75,James Tiberius Kirk,good,Male,Human,178,77,Hazel,Brown,Captain
Jar Jar Binks,60,10,35,10,25,15,-,good,Male,Gungan,193,0,Yellow,-,-
Jason Voorhees,85,35,25,100,100,50,-,bad,Male,Human,191,113,Brown,Red,-
Jean Grey,100,80,25,20,95,70,Jean Grey-Summers,good,Female,Mutant,168,52,Green,Red,Adventurer
Jean-Luc Picard,90,10,20,30,30,65,-,good,Male,Human,0,0,-,-,Commanding officer USS Enterprise (NCC-1701-E)
Jennifer Kale,90,10,35,45,75,75,Jennifer Kale,good,Female,-,168,55,Blue,Blond,Sorceress  student
Jesse Quick,90,60,100,70,90,85,Jessica Belle Chambers,good,Female,Human,0,0,-,-,-
Jessica Jones,80,45,50,70,20,55,Jessica Campbell Jones Cage,good,Female,Human,170,56,Brown,Brown,"Special Consultant to ""The Pulse""  a Daily Bugle supplement; formerly private investigator  adventurer  short-time vigilante"
Jigsaw,60,45,45,60,45,85,Billy Russo,bad,Male,-,188,113,Blue,Black,Professional mobster
Jim Powell,75,40,25,80,25,20,Jim Powell,good,Male,-,0,0,-,-,Police Sketch Artist
JJ Powell,95,10,10,10,15,10,JJ Powell,good,Male,-,0,0,-,-,Student
John Constantine,85,10,10,40,55,65,John Constantine,good,Male,Human,183,0,Blue,Blond,-
John Wraith,90,15,35,30,90,80,John Wraith,good,Male,-,183,88,Brown,Black,Former Spy  Government Operative  Mercenary  Soldier
Joker,100,10,15,60,45,70,Jack Napier,bad,Male,Human,196,86,Green,Green,-
Jolt,85,15,30,35,35,45,Helen Takahama,good,Female,-,165,49,Blue,Black,Adventurer
Jubilee,80,10,25,20,70,90,Jubilation Lee,good,Female,Mutant,165,52,Red,Black,Student  Adventurer
Judge Dredd,90,20,40,50,55,95,Joseph Dredd,good,Male,Human,188,0,-,-,Mega-City Judge
Juggernaut,75,100,45,100,85,70,Cain Marko,neutral,Male,Human,287,855,Blue,Red,Adventurer formerly Professional criminal  mercenary  soldier
Junkpile,80,40,20,90,85,30,-,bad,Male,Mutant,0,0,-,-,Mercenary; Former member of S.H.I.E.L.D.
Justice,80,10,35,70,55,30,Vance Astrovik,good,Male,Human,178,81,Hazel,Brown,Adventurer
Jyn Erso,70,40,50,50,55,85,-,good,Female,Human,0,0,Green,Brown,-
Kang,100,50,60,70,100,70,Nathaniel Richards,bad,Male,-,191,104,Brown,Brown,-
Karate Kid,85,65,70,20,50,100,-,good,Male,Human,173,72,Brown,Brown,-
Kathryn Janeway,90,10,25,25,25,50,Kathryn M. Janeway,good,Female,Human,0,0,-,-,Fleet Commander
Katniss Everdeen,80,10,25,25,25,55,-,good,Female,Human,0,0,-,-,-
Kevin 11,65,10,15,15,100,40,Kevin Ethan Levin,good,Male,Human,0,0,-,Black,-
Kick-Ass,75,10,25,35,25,60,Dave Lizewski,good,Male,Human,0,0,Blue,Blond,Student
Kid Flash,65,5,95,45,20,30,Wallace Rudolph West,good,Male,Human,0,0,Green,Red,-
Kid Flash II,70,45,100,65,80,65,Bartholomew Allen II,good,Male,-,0,0,-,-,-
Killer Croc,65,55,35,90,55,60,Waylon Jones,bad,Male,Metahuman,244,356,Red,No Hair,-
Killer Frost,95,10,15,35,60,30,-,bad,Female,Human,0,0,Blue,Blond,Scientist
Kilowog,95,90,55,45,100,80,-,good,Male,Bolovaxian,234,324,Red,No Hair,-
King Kong,80,100,75,75,50,75,-,good,Male,Animal,3050,9000000,Yellow,Black,-
King Shark,80,90,50,90,90,40,-,bad,Male,Animal,0,0,Black,No Hair,Professional Criminal
Kingpin,90,20,25,40,15,70,Wilson Grant Fisk,bad,Male,Human,201,203,Blue,No Hair,Criminal organizer and mastermind  president and owner of legitimate businesses
Klaw,85,40,35,100,65,60,Ulysses Klaw,bad,Male,Human,188,97,Red,No Hair,Criminal  former Scientist
Kratos,80,95,65,95,100,100,-,good,Male,Demi-God,198,108,-,-,-
Kraven II,80,35,25,30,45,85,Alyosha Kravinoff,bad,Male,Human,191,99,Brown,Black,-
Kraven the Hunter,85,35,35,45,25,85,Sergei Kravinoff,bad,Male,Human,183,106,Brown,Black,Professional game hunter  mercenary
Krypto,55,80,100,90,85,40,Krypto the Superdog,good,Male,Kryptonian,64,18,Blue,White,-
Kylo Ren,80,45,35,30,100,70,-,bad,Male,Human,0,0,-,-,-
Lady Bullseye,90,75,80,80,75,100,-,bad,Female,-,0,0,-,Black,-
Lady Deathstrike,85,30,45,85,50,90,Yuriko Oyama,bad,Female,Cyborg,175,58,Brown,Black,-
Leader,100,10,15,15,60,45,Samuel Sterns,bad,Male,-,178,63,Green,No Hair,-
Leech,65,5,15,15,65,15,-,good,Male,-,0,0,-,-,Survivor  former student
Legion,80,100,45,30,100,75,David Charles Haller,good,Male,Mutant,175,59,Green / Blue,Black,Adventurer  Student
Leonardo,90,20,50,65,60,80,-,good,Male,Mutant,0,0,Blue,No Hair,Ninja
Lex Luthor,100,55,25,65,70,70,Alexander 'Lex' Joseph Luthor,bad,Male,Human,188,95,Green,No Hair,Owner of LexCorp
Light Lass,75,10,35,30,70,45,Ayla Ranzz,good,Female,-,165,54,Blue,Red,-
Lightning Lad,75,10,25,30,60,45,Garth Ranzz,good,Male,-,155,65,Blue,Red,Legionnaire
Lightning Lord,75,10,25,45,70,45,Mekt Ranzz,bad,Male,-,191,95,Blue,Red,-
Living Brain,90,55,35,60,35,30,-,bad,-,-,198,360,Yellow,-,Robot
Living Tribunal,100,100,100,100,100,30,-,neutral,-,Cosmic Entity,0,0,Blue,No Hair,-
Liz Sherman,55,35,30,45,75,50,Elizabeth Anne Sherman,good,Female,-,0,0,-,-,-
Lizard,80,55,60,70,80,60,Curtis Connors,bad,Male,Human,203,230,Red,No Hair,Research biologist
Lobo,100,100,55,100,100,85,-,neutral,Male,Czarnian,229,288,Red,Black,Assassin  Bounty Hunter  Priest
Loki,95,65,50,85,100,60,Loki Laufeyson,bad,Male,Asgardian,193,236,Green,Black,God of evil; former god of mischief and madness
Longshot,80,10,30,10,75,70,-,good,Male,Human,188,36,Blue,Blond,freedom fighter  stuntman rebel  adventurer
Lucifer Morningstar,100,100,85,100,100,95,-,neutral,Male,God / Eternal,178,79,Amber,Blond,-
Luke Cage,80,65,30,95,45,70,Luke Cage,good,Male,Human,198,191,Brown,Black,Adventurer  bar owner  bodyguard  mercenary; formerly theater owner  private investigator  various odd jobs
Luke Skywalker,85,40,45,25,100,100,Luke Skywalker,good,Male,Human,168,77,Blue,Blond,-
Luna,75,10,85,15,55,15,Luna Maximoff,good,Female,Human,0,0,-,-,-
Lyja,70,65,50,60,85,85,Lyja,good,Female,-,0,0,Green,Green,Former Skrull Liason Officer
Machine Man,85,35,35,85,55,65,X-51  Aaron Stack,good,-,-,183,383,Red,Black,Insurance Investigator
Mach-IV,90,40,60,85,60,60,Abner Jenkins,bad,Male,-,180,79,Brown,Brown,Adventurer; former master mechanic  professional criminal  mercenary
Magneto,95,80,30,85,95,80,Erik Magnus Lensherr,bad,Male,Mutant,188,86,Grey,White,Currently Revolutionary and Conqueror  formerly Volunteer Orderly  Secret Agent
Magog,80,50,25,65,70,75,David Reid,good,Male,-,0,0,Blue,Blond,-
Magus,95,100,70,100,100,75,-,bad,Male,-,183,0,Black,-,Ruler of the Technarchy
Man of Miracles,100,100,100,100,100,100,-,-,-,God / Eternal,0,0,Blue,Silver,-
Man-Bat,75,20,50,70,35,30,Robert Kirkland Langstrom,neutral,Male,Human,0,0,Brown,Brown,Zoologist
Mandarin,100,30,25,30,100,95,Khan,bad,Male,Human,188,97,Blue,White,Would-be conqueror; former janitor  businessman and crimelord  government administrator
Man-Thing,80,35,10,100,100,40,Dr. Theodore Sallis,good,Male,-,213,225,Red,No Hair,-
Mantis,85,10,35,80,100,80,-,good,Female,Human-Kree,168,52,Green,Black,Celestial Madonna  former adventuress  former bar-maid/prostitute/exotic dancer
Man-Wolf,85,45,35,45,45,70,John Jameson,good,Male,-,188,90,Brown,Auburn,Employed by Dept. of Social Services  Queens; former astronaut  test pilot  security chief for Ravenscroft Institute
Martian Manhunter,100,95,95,100,100,85,J'onn J'onzz,good,Male,Martian,201,135,Red,No Hair,-
Marvel Girl,85,85,50,45,100,80,Rachel Anne Summers,good,Female,-,170,56,Green,Red,Adventurer
Master Chief,90,75,35,80,70,100,John-117,good,Male,Human / Altered,213,0,Brown,Brown,Master Chief Petty Officer of the Navy
Match,90,95,85,85,100,70,Kent Connor,bad,Male,-,0,0,Black,Black,-
Matt Parkman,85,10,15,15,60,60,Matthew Parkman,good,Male,-,0,0,-,-,NYPD detective
Maverick,85,10,15,45,60,85,Christopher Bradley,good,Male,-,193,110,Blue,Black,Mercenary; former adventurer  student
Maxima,90,90,35,60,85,75,-,bad,Female,-,180,72,Brown,Red,Adventurer  Queen of the Almerac Empire
Maya Herrera,80,10,15,15,60,15,Maya Herrera,good,Female,-,0,0,-,-,-
Medusa,90,35,35,70,40,60,Medusalith Amaquelin Boltagon,good,Female,Inhuman,180,59,Green,Red,Queen  Royal interpreter
Meltdown,75,10,15,45,65,65,Tabitha Smith,good,Female,-,165,54,Blue,Blond,Adventurer  former student  thief
Mephisto,95,85,35,95,100,45,-,bad,Male,-,198,140,White,Black,Lord of a realm of Hell
Mera,80,65,80,60,95,80,-,good,Female,Atlantean,175,72,Blue,Red,Former queen of Atlantis; Former queen of Dimension Aqua
Metallo,90,55,25,95,90,65,John Corben,bad,Male,Android,196,90,Green,Brown,Professional criminal
Metamorpho,70,85,70,95,95,80,Rex Mason,good,Male,-,185,90,Black,No Hair,Adventurer  former Soldier of Fortune
Metron,95,10,50,60,100,30,Metron,good,Male,-,185,86,Blue,Black,Scientist  seeker of knowledge
Micah Sanders,85,10,15,15,60,15,Micah Sanders,good,Male,-,0,0,Brown,Black,Elementary school student
Michelangelo,85,15,50,65,60,75,-,good,Male,Mutant,0,0,Blue,-,-
Micro Lad,75,30,30,30,45,35,Gim Allon,good,Male,-,183,77,Grey,Brown,-
Mimic,85,70,50,60,80,45,Calvin Montgomery Rankin,good,Male,-,188,101,Brown,Brown,-
Misfit,85,35,25,80,95,45,Charlotte Gage-Radcliffe,good,Female,-,0,0,Blue,Red,-
Miss Martian,85,85,60,100,100,45,M'gann M'orzz,good,Female,-,178,61,Red,Red,Adventurer
Mister Fantastic,100,10,20,70,35,65,Reed Richards,good,Male,Human / Radiation,185,81,Brown,Brown,Scientist  adventurer
Mister Freeze,90,35,15,70,40,30,Victor Fries,bad,Male,Human,183,86,-,-,-
Mister Knife,90,10,20,30,15,65,-,bad,Male,Spartoi,0,0,Blue,Brown,Crimelord; former emperor  prince
Mister Mxyzptlk,100,85,100,100,100,50,Mr. Mxyzptlk,bad,Male,God / Eternal,0,0,-,-,-
Mister Sinister,100,50,50,90,100,50,Dr. Nathaniel Essex,bad,Male,Human / Altered,196,128,Red,Black,Geneticist  Criminal  biologist and mutant-supremacist
Mister Zsasz,100,25,35,30,30,95,Victor Zsasz,bad,Male,Human,173,68,Blue,Blond,Serial Killer
Mockingbird,90,35,40,20,50,95,Barbara Morse,good,Female,Human,175,61,Blue,Blond,Adventurer; former counter-terrorist agent  private investigator  government operative  S.H.I.E.L.D. agent  biologist
MODOK,100,20,25,25,80,15,-,bad,Male,Cyborg,366,338,White,Brownn,Would-be conqueror  AIM leader  terrorist; former AIM agent  technician
Mogo,80,85,85,95,95,70,Mogo,good,Male,Planet,0,0,-,-,Green Lantern
Molecule Man,85,100,70,90,100,70,-,bad,Male,Human / Radiation,170,63,Blue,Brown,Megalomaniacal criminal; Former laboratory technician
Moloch,75,40,35,40,70,45,Edgar William Jacobi,bad,Male,-,0,0,-,-,-
Molten Man,80,75,25,85,55,60,Mark Raxton,bad,Male,-,196,248,Gold,Gold,Security guard for Osborn industries  former criminal  lab assistant
Monarch,95,100,100,100,100,95,Nathaniel Christopher Adam,good,Male,-,193,90,Blue,White,Adventurer  former U.S. Special Agent  former U.S. Air Force Captain
Monica Dawson,80,10,35,15,50,90,Monica Dawson,good,Female,-,0,0,-,-,Fast food service
Moon Knight,80,40,25,45,30,75,Marc Spector,good,Male,Human,188,101,Brown,Brown,Adventurer  entrepreneur; former prize fighter  spy  soldier  mercenary  cab driver
Moonstone,80,70,50,55,75,80,Dr. Karla Sofen,bad,Female,-,180,59,Blue,Blond,former Adventurer  Psychiatrist
Morlun,85,60,35,45,75,60,Morlun,bad,Male,-,188,79,White / Red,Black,-
Morph,65,50,40,65,70,50,Kevin Sydney,good,Male,-,178,79,White,No Hair,Adventurer  reality traveler
Moses Magnum,90,30,15,45,55,60,Moses Magnum,bad,Male,-,175,72,Brown,Black,Terrorist  president of Magnum Munitions; former ruler of Canaan
Mr Immortal,80,10,10,100,70,30,-,good,Male,Mutant,188,70,Blue,Blond,-
Mr Incredible,80,85,35,95,30,40,Robert Parr,good,Male,Human,201,158,Blue,Blond,-
Ms Marvel II,75,65,25,85,15,60,Sharon Ventura,good,Female,-,173,61,Blue,Red,Wanderer  former adventurer  wrestler  stunt woman  scuba diver  motorcycle performer
Multiple Man,85,15,25,70,30,65,James Arthur,good,Male,-,180,70,Blue,Brown,Private investigator (formerly) Farmer  Adventurer
Mysterio,95,10,20,40,85,70,Quentin Beck,bad,Male,Human,180,79,Brown,No Hair,Criminal; former Hollywood special effects designer and stunt man
Mystique,90,15,25,65,65,75,Raven Darkholme,bad,Female,Mutant,178,54,Yellow (without irises),Red / Orange,Special operative for Germany and the United States governments  (former) German Freedom Fighter  special operative in the Weapon X Project Team
Namor,85,95,60,70,75,85,Namor McKenzie,good,Male,Atlantean,188,125,Grey,Black,King of Atlantis  Adventurer; former warrior  commando  CEO
Namora,80,85,45,45,50,65,Aquaria Nautica Neptunia,good,Female,-,180,85,Blue,Blond,-
Namorita,80,75,50,70,40,70,Namorita Prentiss,good,Female,-,168,101,Blue,Blond,Superhero  formerly Leader of Atlantis
Naruto Uzumaki,75,90,75,80,100,100,-,good,Male,Human,178,54,Blue,Yellow,7th Hokage (Konoha's village leader)
Nebula,85,55,15,50,45,60,-,bad,Female,Luphomoid,185,83,Blue,No Hair,-
Negasonic Teenage Warhead,80,10,10,10,45,35,-,good,Female,Mutant,0,0,Black,Black,-
Nick Fury,90,15,25,45,25,100,Nicholas Joseph Fury,good,Male,Human,185,99,Brown,Brown / White,S.H.I.E.L.D. director; former S.H.I.E.L.D. agent  intelligence agent  soldier and commando leader  parachuting instructor  stunt flyer
Nightcrawler,80,10,50,15,80,80,Kurt Wagner,good,Male,-,175,88,Yellow,Indigo,Adventurer  Teacher
Nightwing,95,15,35,30,40,100,Richard John Grayson,good,Male,Human,178,79,Blue,Black,Vigilante and detective  former police officer  former Circus Acrobat
Niki Sanders,85,55,35,30,40,60,Nicole Sanders,good,Female,-,0,0,Blue,Blond,Former casino worker and online webcam operator; currently an agent of the Company
Nina Theroux,85,5,10,10,70,20,-,good,Female,Alpha,0,0,-,-,-
Nite Owl II,85,45,40,40,50,80,Daniel Dreiberg,good,Male,-,0,0,-,-,-
Northstar,80,20,85,60,65,70,Jean-Paul Beaubier,good,Male,-,180,83,Blue,Black,Former terrorist  adventurer  teacher  businessman  novelist  professional skier  trapeze artist  thief
Nova,85,60,100,100,100,35,Frankie Raye,good,Female,Human / Cosmic,163,59,White,Red,-
Nova,100,85,75,100,100,80,Richard Rider,good,Male,Human,185,86,Brown,Brown,Superhero  also works parttime at Marvel Burger
Odin,100,85,70,95,100,90,-,good,Male,God / Eternal,206,293,Blue,White,Deity  Monarch of Asgard  Asgardian God of the Sky  Wind  Wisdom  Crafts  Time  and the Dead  Warrior
Offspring,80,10,35,100,100,60,Luke O'Brian,good,Male,-,0,0,-,-,-
Omega Red,70,70,50,85,70,90,Arkady Gregorivich,bad,Male,-,211,191,Red,Blond,Crimelord; former mercenary  KGB agent
One Punch Man,65,100,95,100,70,65,-,good,Male,Human,175,69,-,No Hair,Superhero  Sensei
One-Above-All,100,100,100,100,100,100,-,neutral,-,Cosmic Entity,0,0,-,-,-
Onslaught,95,100,35,100,100,55,Onslaught,bad,Male,Mutant,305,405,Red,No Hair,Would-be destroyer
Oracle,90,15,25,30,20,80,Barbara Gordon,good,Female,Human,178,59,Blue,Red,Computer hacker and Coordinator of the Birds of Prey; Former student; former librarian; former vigilante
Osiris,90,85,60,95,65,45,Amon Tomaz,good,Male,-,0,0,Brown,Brown,-
Ozymandias,100,20,35,20,50,95,Adrian Alexander Veidt,bad,Male,Human,0,0,Blue,Blond,-
Parademon,55,30,20,50,55,25,-,bad,-,Parademon,0,0,-,-,-
Paul Blart,50,15,25,50,10,5,-,good,Male,Human,170,117,-,-,-
Penance II,65,45,70,65,85,65,Robert Baldwin,good,Male,-,183,89,Blue,Blond,Government operative; former adventurer  reality TV star  student  television show intern  engineering intern  lab worker
Penguin,95,10,15,35,45,45,Oswald Chesterfield Cobblepot,bad,Male,Human,157,79,Blue,Black,Trader
Peter Petrelli,70,60,100,100,100,95,Peter Petrelli,good,Male,-,0,0,-,-,former home hospice nurse
Phantom,70,35,35,35,30,80,Christopher Walker,good,Male,-,0,0,-,-,-
Phantom Girl,75,10,25,30,55,45,Tinya Wazzo,good,Female,-,168,54,Blue,Black,-
Phantom Stranger,100,10,25,100,100,40,-,neutral,Male,Human,188,83,Black,Black,-
Phoenix,100,100,85,100,100,80,Jean Grey-Summers,good,Female,Mutant,168,52,Green,Red,Adventurer
Plantman,85,60,25,55,65,25,-,bad,Male,Mutant,183,87,Green,Grey,Professional Criminal  formerly Gardner
Plastic Man,80,65,25,100,100,60,Patrick O'Brian,good,Male,Human,185,80,Blue,Black,Government Agent
Plastique,80,10,25,30,60,45,Bette Sans Souci,bad,Female,-,168,55,Blue,Red,Government Agent  former Terrorist  Mercenary
Poison Ivy,95,15,30,70,100,70,Pamela Lillian Isley,bad,Female,Human,168,50,Green,Red,Criminal  Botanist
Polaris,85,75,45,50,100,45,Lorna Sally Dane,good,Female,Mutant,170,52,Green,Green,Adventurer  former U.S. government operative  former graduate student in geophysics
Power Girl,100,100,100,100,100,75,Kara Zor-L,good,Female,Kryptonian,180,81,blue,blond,-
Power Man,50,80,40,90,50,80,-,good,Male,Mutant,0,0,-,-,-
Predator,85,30,25,85,100,90,Yautja,bad,Male,Yautja,213,234,-,-,-
Professor X,100,10,15,15,100,35,Charles Francis Xavier,good,Male,Mutant,183,86,Blue,No Hair,Mutant leader  mutant rights activist  geneticist  teacher  adventurer  heir  formerly headmaster  soldier (US Army)
Professor Zoom,100,10,100,20,85,20,Eobard Thawne,bad,Male,Human,180,81,Blue,Strawberry Blond,-
Proto-Goblin,85,40,25,50,25,30,Nels Van Adder,bad,Male,-,0,0,Green,Blond,Scientist
Psylocke,85,35,25,40,100,90,Elizabeth Braddock,good,Female,Mutant,180,70,Blue,Purple,Adventurer  formerly a STRIKE operative  fashion model
Punisher,85,20,25,45,45,100,Francis Castiglione,good,Male,Human,183,90,Blue,Black,Former United States Marine turned professional vigilante
Purple Man,80,10,10,30,95,10,Zebediah Killgrave,bad,Male,Human,180,74,Purple,Purple,Professional criminal  Megalomaniac  Former spy
Pyro,75,10,15,15,55,30,St. John Allerdyce,bad,Male,-,178,68,Blue,Blond,Former government agent  terrorist  bodyguard  novelist  journalist
Q,100,15,20,100,100,40,-,-,Male,God / Eternal,0,0,-,-,-
Quake,90,40,50,45,85,90,Daisy Louise Johnson,good,Female,Human-Inhuman,163,52,Brown,Black,-
Question,95,15,30,35,20,80,Charles Victor Szasz,good,Male,Human,188,83,Blue,Blond,Former Television Investigative Journalist
Quicksilver,85,30,100,60,85,60,Pietro Django Maximoff,good,Male,Mutant,183,79,Blue,Silver,(current) Adventurer  (former) Terrorist  officer of the Inhumans militia  United States government operative
Quill,75,10,15,15,25,15,Maxwell Jordan,good,Male,-,163,56,Brown,Brown,-
Rachel Pirzad,85,5,10,10,55,10,-,good,Female,Alpha,0,0,-,-,-
Raphael,85,20,50,65,60,80,-,good,Male,Mutant,0,0,-,No Hair,-
Ra's Al Ghul,100,30,35,45,30,100,Ra's Al Ghul,bad,Male,Human,193,97,Green,Grey,Eco Terrorist  Businessman  Cult Leader
Raven,80,10,30,70,85,40,Rachel Roth,neutral,Female,Human,165,50,Indigo,Black,Adventurer  high school student
Ray,80,10,95,100,100,20,Raymond C. Terrill,good,Male,Human,178,70,Green,Red,Freelance Computer Programmer and Software Designer
Razor-Fist II,70,85,80,80,85,100,Douglas Scott,bad,Male,-,191,117,Blue,No Hair,Mercenary  assassin  bodyguard  enforcer
Red Arrow,85,20,25,20,25,80,Roy William Harper  Jr.,good,Male,Human,180,83,Green,Red,Adventurer; intelligence agent; musician
Red Hood,90,15,25,30,35,95,Jason Peter Todd,neutral,Male,Human,183,81,Blue,Black,Mercenary  Vigilante
Red Hulk,80,100,50,85,85,75,Thaddeus E. Ross,neutral,Male,Human / Radiation,213,630,Yellow,Black,Lieutenant general in US Air Force
Red Mist,65,10,25,15,20,60,Chris Genovese,bad,Male,-,0,0,-,-,-
Red Robin,95,15,30,35,30,80,Timothy Jackson Drake,good,Male,Human,165,56,Blue,Black,-
Red Skull,90,10,15,15,20,80,Johann Shmidt,bad,Male,-,188,108,Blue,No Hair,-
Red Tornado,90,40,70,60,100,40,John Smith,good,Male,Android,185,146,Green,No Hair,-
Rey,85,10,25,10,90,35,-,good,Female,Human,297,0,Hazel,Brown,Scavenger
Rhino,65,80,45,90,40,85,Aleksei Mikhailovich Sytsevich,bad,Male,Human / Radiation,196,320,Brown,Brown,Professional Criminal  Henchman of the Russian Mafia
Rick Flag,95,15,25,30,20,95,Richard Rogers Flag,bad,Male,-,185,85,Blue,Brown,Government Agent  Covert Ops field Commander
Riddler,100,10,15,15,10,15,Edward Nigma,bad,Male,-,0,0,-,-,-
Rip Hunter,100,10,10,10,100,25,-,good,Male,Human,0,0,Blue,Blond,-
Robin,95,15,30,30,35,85,Richard John Grayson,good,Male,Human,178,79,Blue,Black,-
Robin II,90,15,30,30,30,85,Jason Peter Todd,good,Male,Human,183,101,Blue,Red,-
Robin III,95,15,30,30,30,85,Timothy Jackson Drake,good,Male,Human,165,56,Blue,Black,High School Student
Robin V,85,10,35,20,30,65,Damian Wayne,good,Male,Human,137,38,Blue,Black,-
Robin VI,80,10,25,20,20,70,Carrie Kelley,neutral,Female,Human,0,0,Green,Red,-
Robocop,90,35,15,80,55,50,Alexander James Murphy,good,Male,Cyborg,188,0,-,-,-
Rocket Raccoon,80,5,25,30,30,65,Rocket Raccoon,good,Male,Animal,122,25,Brown,Brown,Law enforcement officer  security guard  member of the Guardians of the Galaxy
Rogue,90,10,15,30,80,80,Anna Marie,good,Female,-,173,54,Green,Brown / White,Adventurer  former mechanic  waitress  terrorist
Ronin,80,15,25,10,15,80,Clinton Francis Barton,good,Male,Human,191,104,Blue,Blond,Outlaw adventurer  revolutionary; former professional super hero  fugitive  unnoficial S.H.I.E.L.D. operative  federal inmate  CTE security chief  ranch hand  archery tutor  carnival performer  roustabout  butcher shop worker
Rorschach,90,10,30,20,25,80,Walter Joseph Kovacs,good,Male,Human,168,63,Blue,Red,Vigilante  former garment worker
Sabretooth,80,50,40,90,50,100,Victor Creed,bad,Male,Mutant,198,171,Amber,Blond,mercenary  professional criminal  assassin  serial killer
Sage,90,10,15,15,30,60,Tessa,good,Female,-,170,61,Blue,Black,Former Soldier
Sandman,80,75,50,95,100,60,-,neutral,Male,Human,185,203,Brown,Brown,Professional Criminal
Sasquatch,90,80,25,60,15,45,Walter Langkowski,good,Male,-,305,900,Red,Orange,Adventurer  bio-physicist  government operative; former college lecturer  professional football player
Saturn Girl,95,10,50,20,90,25,Imra Ardeen-Ranzz,good,Female,Titanian,170,59,Blue,Blond,-
Sauron,95,85,35,100,100,70,-,bad,Male,Maiar,279,0,-,-,-
Savage Dragon,85,70,55,85,70,75,Kurr,good,Male,-,0,0,-,-,-
Scarecrow,95,10,15,15,50,50,Jonathan Crane,bad,Male,Human,183,63,Blue,Brown,Special Professional Criminal
Scarlet Spider,90,55,60,75,50,60,Benjamin Reilly,good,Male,Human,178,74,Blue,Blond,Crime-fighter
Scarlet Spider II,95,55,60,40,40,60,Kaine Parker,good,Male,Clone,193,113,Brown,Brown,Fugitive
Scarlet Witch,100,10,30,70,100,80,Wanda Maximoff,bad,Female,Mutant,170,59,Blue,Brown,Adventurer; formerly witchcraft tutor  housewife  terrorist
Scorpia,75,30,45,30,35,30,Elaine Coll,bad,Female,-,0,0,Green,Red,Professional criminal
Scorpion,80,55,60,85,50,80,MacDonald Gargan,bad,Male,Human,211,310,Brown,Brown,U.S. government agent; former professional criminal  assassin  private detective
Sebastian Shaw,85,85,15,95,40,60,Sebastian Hiram Shaw,bad,Male,Mutant,0,0,-,-,-
Sentry,90,100,100,100,100,45,Robert Reynolds,good,Male,Human,188,87,Blue,Blond,-
Shadow King,90,15,30,100,100,75,Amahl Farouk,good,-,-,185,149,Red,-,-
Shadow Lass,85,10,70,20,80,80,-,good,Female,Talokite,173,54,Black,Black,-
Shadowcat,95,10,25,25,70,70,Katherine Pryde,good,Female,Mutant,168,50,Hazel,Brown,Teacher  Adventurer  former student
Shang-Chi,85,15,30,50,30,100,Shang-Chi,good,Male,Human,178,79,Brown,Black,-
Shatterstar,85,50,45,65,50,85,Gaveedra Seven,good,Male,-,191,88,Brown,Red,Warrior
Shazam,95,100,90,95,100,75,William Joseph Batson,good,Male,Human,193,101,Blue,Black,-
She-Hulk,95,100,45,100,40,70,Jennifer Walters,good,Female,Human,201,315,Green,Green,Lawyer  Magistra of the Living Tribunal
She-Ra,90,100,45,70,100,70,-,good,Female,Human,0,0,-,-,-
She-Thing,85,75,25,80,25,65,Sharon Ventura,good,Female,Human / Radiation,183,153,Blue,No Hair,Prisoner  former adventurer  wrestler  stuntwoman  scuba diver  motorcycle performer
Shocker,85,10,25,70,80,60,Herman Schultz,bad,Male,Human,175,79,Brown,Brown,Professional thief  hired assassin
Shriek,80,10,25,30,45,45,Frances Louise Barrison,good,Female,-,173,52,Yellow / Blue,Black,Former partner of Carnage  Carrion (Malcolm McBride)  Demogoblin and Doppelganger). Before she became Shriek  she was a rock band groupie and drug dealer.
Sif,85,90,70,80,100,70,Sif,good,Female,Asgardian,188,191,Blue,Black,-
Silk,90,50,75,70,75,65,-,good,Female,Human,0,0,Brown,Black,Vigilante  intern at Fact Channel News  adventurer; former student
Silk Spectre II,85,50,70,55,50,90,Laurie Juspeczyk,good,Female,-,0,0,-,-,-
Silver Surfer,80,100,100,90,100,35,Norrin Radd,good,Male,Alien,193,101,White,No Hair,Adventurer  formerly Galactus' Herald
Silverclaw,80,30,35,45,35,45,Maria de Guadalupe Santiago,good,Female,-,157,50,Brown,Black,University student  adventurer
Sinestro,90,85,55,65,100,55,Thaal Sinestro,neutral,Male,Korugaran,201,92,Black,Black,-
Siren,80,65,80,60,95,60,Hila,bad,Female,Atlantean,175,72,Blue,Purple,-
Siryn,75,10,50,30,50,45,Theresa Rourke Cassidy,bad,Female,-,168,52,Blue,Strawberry Blond,(current) Adventurer (former) Professional Criminal
Skaar,80,85,30,90,70,85,-,good,Male,-,198,180,Green,Black,Warrior
Snowbird,80,35,30,45,70,55,Narya,good,Female,-,178,49,White,Blond,Goddess  adventurer  former records officer
Sobek,80,35,25,50,20,60,Yurrd the Unknown,good,Male,-,0,0,White,No Hair,-
Solomon Grundy,55,95,15,100,95,30,Cyrus Gold,bad,Male,Zombie,279,437,Black,White,-
Songbird,90,40,30,45,55,60,Melissa Joan Gold,good,Female,-,165,65,Green,Red / White,Adventurer; former criminal and wrestler
Space Ghost,75,20,35,40,95,80,Thaddeus Bach,good,Male,Human,188,113,-,-,-
Spawn,90,75,50,100,100,100,Al Simmons,good,Male,Demon,211,405,Brown,Black,-
Spectre,95,100,100,100,100,70,-,good,Male,God / Eternal,0,0,White,No Hair,-
Speedy,80,10,35,20,30,70,Thea Dearden Queen,good,Female,Human,0,0,Green,Brown,Nightclub Owner
Spider-Carnage,65,75,70,75,70,75,Benjamin Reilly,bad,Male,Symbiote,0,0,-,-,-
Spider-Girl,85,40,60,65,55,75,May 'Mayday' Parker,good,Female,Human,170,54,Blue,Brown,-
Spider-Gwen,90,55,65,70,70,70,Gwendolyne Stacy,good,Female,Human,165,56,Blue,Blond,-
Spider-Man,85,65,75,70,70,75,-,good,-,Human,178,77,Red,Brown,CEO of Alchemax Corporation  Executive Assistant
Spider-Man,100,55,70,75,75,95,Peter Benjamin Parker,good,Male,Human,178,74,Hazel,Brown,Freelance photographer  teacher
Spider-Man,65,65,70,65,70,70,-,good,Male,Human,157,56,Brown,Black,Student  adventurer  vigilante
Spider-Woman,80,45,45,60,70,70,Jessica Drew,good,Female,Human,178,59,Green,Black,Form agent of HYDRA  former bounty hunter  private investigator  adventurer
Spider-Woman III,80,50,30,45,60,30,Martha Franklin,good,Female,-,173,55,Brown,Brown,-
Spock,95,20,20,40,60,40,-,good,Male,Human-Vulcan,185,81,Brown,Black,-
Spyke,80,15,20,60,50,30,Evan Daniels,good,Male,Mutant,183,83,Brown,Blond,-
Stardust,95,85,100,100,100,85,-,good,Male,-,0,0,-,-,Herald of Galactus
Starfire,80,80,35,85,60,70,Koriand'r,good,Female,Tamaranean,193,71,Green,Auburn,Model
Stargirl,85,80,50,90,90,70,Courtney Whitmore,good,Female,Human,165,62,Blue,Blond,-
Star-Lord,85,20,35,50,25,70,Peter Jason Quill,good,Male,Human-Spartoi,188,79,Blue,Blond,Adventurer; Royal Prince of Spartax
Static,85,10,45,50,90,40,Virgil Ovid Hawkins,good,Male,Mutant,170,63,Brown,Black,Student
Steel,95,85,55,90,65,65,John Henry Irons,good,Male,Human,201,131,Brown,No Hair,Weapons designer  former steelworker
Stephanie Powell,85,10,55,10,25,10,Stephanie Powell,good,Female,-,0,0,-,Blond,Executive Vice President of Research at Global Tech
Steppenwolf,100,100,85,100,100,100,-,bad,Male,New God,183,91,Red,Black,-
Storm,90,10,50,30,90,75,Ororo Munroe,good,Female,Mutant,180,57,Blue,White,Adventurer
Stormtrooper,60,10,10,15,5,20,-,bad,Male,Human,183,0,-,-,-
Sunspot,85,65,35,25,90,70,Roberto DaCosta,good,Male,Mutant,173,77,brown,black,Adventurer  businessman
Superboy,90,95,85,90,95,60,Kon-El / Conner Kent,good,Male,-,170,68,Blue,Black,-
Superboy-Prime,100,100,100,100,100,85,Kal-El,bad,Male,Kryptonian,180,77,Blue,Black / Blue,-
Supergirl,100,100,100,100,100,75,Kara Zor-El,good,Female,Kryptonian,165,54,Blue,Blond,Intern  Adventurer  Student  Crime-Fighter
Superman,100,100,100,100,100,85,Clark Joseph Kent (Kal-El),good,Male,Kryptonian,191,101,Blue,Black,Reporter for the Daily Planet and novelist
Surtur,95,100,60,100,100,80,-,bad,Male,God / Eternal,30480,0,Yellow,Red,Monarch of Muspelheim
Swamp Thing,95,95,25,100,100,55,Alec Holland,bad,Male,God / Eternal,0,0,Red,No Hair,Planet Elemental  former Biochemist
Swarm,90,20,50,90,40,35,Fritz von Meyer,bad,Male,Mutant,196,47,Yellow,No Hair,Ph.D. in toxicology & entomology
Sylar,90,10,15,25,85,85,Gabriel Gray,bad,Male,-,0,0,-,-,Timepiece restorer
Synch,90,70,25,30,75,60,Everett Thomas,good,Male,-,180,74,Brown,Black,Student
T-1000,90,35,35,100,100,75,Cyberdyne Systems Series 1000 Terminator,bad,Male,Android,183,146,-,-,-
T-800,90,35,20,60,75,65,Cyberdyne Systems Series 800 Terminator Model 101,bad,Male,Cyborg,0,176,Red,-,Assassin
T-850,90,80,25,90,85,75,Cyberdyne Systems Series 850 Terminator,bad,Male,Cyborg,0,198,Red,-,Assassin
Taskmaster,90,15,50,20,65,100,-,bad,Male,Human,188,99,Brown,Brown,Sheriff  Assassin  Mercenary; formerly Military Trainer  Combat Instructor  Head of Initiative training camp
Tempest,75,10,45,30,70,60,Angel Salvadore Bohusk,good,Female,-,163,54,Brown,Black,-
Thanos,100,100,35,100,100,80,Thanos,bad,Male,Eternal,201,443,Red,No Hair,Conqueror  worshiper of Death
Thanos (Infinity Gauntlet),100,100,35,100,100,80,-,bad,Male,Eternal,201,443,Red,No Hair,-
The Comedian,85,15,20,10,15,80,Edward Morgen Blake,neutral,Male,Human,188,101,Brown,Black,Former Adventurer; Government Agent
The Presence,100,100,100,100,100,100,-,neutral,Male,God / Eternal,0,0,-,-,-
Thing,90,85,25,100,40,80,Benjamin Jacob Grimm,good,Male,Human / Radiation,183,225,Blue,No Hair,Adventurer  former Air Force test pilot
Thor,85,100,85,100,100,100,Thor Odinson,good,Male,Asgardian,198,288,Blue,Blond,King of Asgard; formerly EMS Technician; Physician
Thor Girl,90,85,70,85,100,70,Tarene,good,Female,Asgardian,175,143,Blue,Blond,-
Thunderbird,80,35,30,35,15,70,John Proudstar,good,Male,-,185,101,Brown,Black,Former adventurer  student  Marine
Thunderstrike,85,80,70,85,45,75,Eric Kevin Masterson,good,Male,-,198,288,Blue,Blond,(as Thunderstrike) Adventurer  crimefighter  (as Masterson) Architect
Thundra,75,85,35,65,30,55,Thundra,good,Female,-,218,158,Green,Red,Ruler  warrior
Tiger Shark,75,75,50,70,55,30,Todd Arliss,bad,Male,Human,185,203,Grey,No Hair,-
Tigra,85,35,55,40,35,90,Greer Grant Nelson,good,Female,-,178,81,Green,Auburn,Laboratory assistant  model  adventurer  NYC police
Tinkerer,100,10,25,15,10,15,Phineas Mason,bad,Male,-,163,54,Brown,White,Inventor and technician serving the underworld
Toad,80,35,60,60,70,30,Mortimer Toynbee,neutral,Male,Mutant,175,76,Black,Brown,Former criminal
Toxin,80,75,70,85,85,70,Patrick Mulligan,good,Male,Symbiote,188,97,Blue,Brown,Police officer
Toxin,90,80,45,85,100,70,Edward Charles Allan Brock,good,Male,Symbiote,191,117,Black,Blond,Vigilante; former symbiote hunter  shelter attendant  government operative  journalist for the Daily Globe
Tracy Strauss,80,55,65,95,90,60,Tracy Strauss,good,Female,-,0,0,-,-,Former aide to Senator Nathan Petrelli  Former Pinehearst consultant  former political adviser to Governor Robert Malden
Trigon,95,100,85,100,100,80,-,bad,Male,God / Eternal,0,0,Yellow,Black,-
Triplicate Girl,85,10,25,45,45,45,Luornu Durgo,good,Female,-,168,59,Purple,Brown,-
Triton,80,65,50,65,35,55,-,good,Male,Inhuman,188,86,Green,No Hair,-
Two-Face,95,10,15,15,10,30,Harvey Dent,bad,Male,-,183,82,-,-,Reformed criminal; former district attorney
T-X,90,65,30,85,100,80,Cyberdyne Systems Series X Terminator,bad,Female,Cyborg,0,149,-,-,Assassin / Genesis Overseer
Ultragirl,80,80,35,70,35,80,Tsu-Zana,good,Female,-,168,105,Blue,Blond,Model
Ultron,95,85,45,100,100,65,Ultron,bad,Male,Android,206,331,Red,-,Mass murderer  scientist  would-be world conqueror  ruler of Phalanx
Utgard-Loki,80,80,25,85,85,65,-,bad,Male,Frost Giant,1520,58000,Blue,White,Monarch
Valkyrie,75,85,75,85,75,95,Brunnhilde,good,Female,-,191,214,Blue,Blond,Chooser of the Slain  Adventurer
Vanisher,85,10,75,60,65,45,-,bad,Male,-,165,79,Green,No Hair,Professional criminal  former subversive
Vegeta,95,100,95,95,100,100,-,bad,Male,Saiyan,168,73,-,Black,-
Venom,90,60,65,85,90,85,Edward Charles Allan Brock,bad,Male,Symbiote,191,117,Blue,Strawberry Blond,Vigilante; former journalist for the Daily Globe  government operative
Venom II,80,60,50,70,55,60,Angelo Fortunato,bad,Male,-,175,50,Brown,Black,-
Venom III,85,75,35,90,75,60,MacDonald Gargan,bad,Male,Symbiote,229,334,Brown,Brown,Government operative; former professional criminal  private eye
Venompool,85,60,65,100,100,100,-,-,Male,Symbiote,226,0,-,-,Conqueror; Adventurer
Vibe,80,10,20,30,100,30,Francisco Paco Ramon,good,Male,Human,178,71,Brown,Black,-
Vindicator,85,65,55,65,60,70,Heather McNeil Hudson,good,Female,Human,165,54,Green,Red,former secretary  researcher
Violator,55,65,25,80,85,30,-,bad,Male,-,0,0,-,-,-
Violet Parr,80,10,15,50,80,15,Violet Parr,good,Female,Human,137,41,Violet,Black,-
Vision,100,75,55,95,100,70,Vision,good,Male,Android,191,135,Gold,No Hair,-
Vixen,80,40,50,50,65,25,Mari Jiwe McCabe,good,Female,Human,175,63,Amber,Black,Former Model
Vulcan,70,70,75,90,100,75,Gabriel Summers,good,Male,-,0,0,Black,Black,-
Vulture,90,25,45,25,30,30,Adrian Toomes,bad,Male,Human,180,79,Brown,No Hair,Professional criminal; formerly electronics engineer
Walrus,80,30,10,50,15,20,Hubert Carpent,bad,Male,Human,183,162,Blue,Black,Cab driver
War Machine,85,80,65,100,100,85,James Rupert Rhodes,good,Male,Human,185,95,Brown,Brown,Initiative instructor  adventurer  government agent; formerly: Sentinel Squad O*N*E combat instructor  soldier  pilot
Warlock,95,40,80,95,75,95,Adam Warlock,good,Male,-,188,108,Red,Blond,Avenger  savior of worlds
Warp,75,10,25,30,85,50,Emil LaSalle,bad,Male,-,173,67,Brown,Black,-
Warpath,75,75,50,70,30,85,James Proudstar,good,Male,Mutant,218,158,Brown,Black,Adventurer
Wasp,85,20,60,55,30,45,Janet Van Dyne,good,Female,Human,163,50,Blue,Auburn,Adventurer  fashion designer  independently wealthy socialite
Watcher,100,80,70,90,100,60,Uatu,good,Male,-,0,0,-,-,-
Weapon XI,80,65,65,100,95,100,Weapon XI,bad,Male,-,0,0,-,-,-
White Canary,85,10,35,15,50,90,-,bad,Female,Human,0,0,Brown,Black,-
White Queen,80,45,45,70,65,45,Emma Grace Frost,good,Female,-,178,65,Blue,Blond,Co-Headmistress of Xavier Institute  Chairperson of the Board and Chief Executive of Frost International
Wildfire,80,35,25,100,80,45,Drake Burroughs,good,Male,-,0,0,-,-,-
Winter Soldier,80,35,35,65,60,85,James Buchanan Barnes,good,Male,Human,175,117,Brown,Brown,"Adventurer; former SHIELD operative  Assassin (See Note under ""Winter Soldier"" article)  Army Mascot  Student"
Wolfsbane,75,20,35,45,30,45,Rahne Sinclair,good,Female,-,366,473,Green,Auburn,Teacher
Wolverine,85,35,50,100,90,100,James Howlett,good,Male,Mutant,160,135,Blue,Black,Adventurer  instructor  former bartender  bouncer  spy  government operative  mercenary  soldier  sailor  miner
Wonder Girl,90,90,25,80,40,60,Cassandra Elizabeth Sandsmark,good,Female,Demi-God,165,51,Blue,Blond,-
Wonder Man,90,100,55,90,65,65,Simon Williams,good,Male,-,188,171,Red,Black,Former industrialist  now stuntman  actor  adventurer
Wonder Woman,95,100,80,100,100,100,Diana of Themyscira,good,Female,Amazon,183,74,Blue,Black,Adventurer  Emissary to the world of Man  Protector of Paradise Island; former Goddess of Truth
Wyatt Wingfoot,60,10,15,5,5,60,Wyatt Wingfoot,good,Male,-,196,117,Brown,Black,Occasional adventurer
X-23,90,25,45,100,55,95,Laura Kinney,good,Female,Mutant / Clone,155,50,Green,Black,Adventurer  Student  former; Assassin  Prostitute
X-Man,95,55,55,95,100,85,Nate Grey,good,Male,-,175,61,Blue,Brown,Former shaman  adventurer  freedom fighter
Yellowjacket,95,10,15,30,15,15,Henry Jonathan Pym,good,Male,Human,183,83,Blue,Blond,Adventurer  Biochemist  former manager of Avengers Compound
Yellowjacket II,80,10,35,30,35,30,Rita DeMara,good,Female,Human,165,52,Blue,Strawberry Blond,Adventurer; former criminal  electronics engineer
Ymir,80,100,30,100,100,30,Ymir,good,Male,Frost Giant,30480,0,White,No Hair,-
Yoda,95,55,35,25,100,90,Yoda,good,Male,Yoda's species,66,17,Brown,White,-
Zatanna,95,10,25,30,100,60,Zatanna Zatara,good,Female,Human,170,57,Blue,Black,-
Zoom,80,10,100,30,100,30,Hunter Zolomon,bad,Male,-,185,81,Red,Brown,-
